<?xml version="1.0" encoding="UTF-8"?>
<addon id="plugin.video.phpmediaserver"
version="0.2.0"
name="phpmediaserver"
provider-name="Tass">
<requires>
  <import addon="xbmc.python" version="2.24.0"/>
  <import addon="script.module.requests" version="2.9.1"/>
</requires>
<extension point="xbmc.python.pluginsource" library="main.py">
  <provides>video</provides>
</extension>
<extension point="xbmc.addon.metadata">
    <platform>all</platform>
    <summary lang="en">phpmediaserver plugin</summary>
    <description lang="en">Testing PHPMediaServer.</description>
    <disclaimer lang="en">Testing</disclaimer>
    <assets>
        <icon>icon.png</icon>
        <fanart>resources\bg.jpg</fanart>
        <screenshot>resources\bg.jpg</screenshot>    
    </assets>
    <news>
0.2.0 change to json list all actions
0.1.9 search and update list
0.1.8 auto update
0.1.6 change update method
0.1.5 update
0.1.4 set played time
    </news>
    <source>https://github.com/EsTass/phpmediaserver-kodi/</source>
</extension>
<extension point="xbmc.addon.repository"
              name="phpmediaserver">
    <info compressed="false">https://github.com/EsTass/phpmediaserver-kodi/raw/master/addons.xml</info>
    <checksum>https://github.com/EsTass/phpmediaserver-kodi/raw/master/addons.xml.md5</checksum>
    <datadir zip="true">https://github.com/EsTass/phpmediaserver-kodi/raw/master/</datadir>
</extension>
</addon>
